name	url	index
CRLF2 c.695T>G (F232C) Mutation in Acute Lymphoblastic Leukemia	/content/disease/acute-lymphoblastic-leukemia/crlf2/199/	1
CRLF2 Fusions in Acute Lymphoblastic Leukemia	/content/disease/acute-lymphoblastic-leukemia/crlf2/208/	2
JAK2 c.2047A>G (R683G) Mutation in Acute Lymphoblastic Leukemia	/content/disease/acute-lymphoblastic-leukemia/jak2/200/	3
JAK2 c.2049A>T (R683S) Mutation in Acute Lymphoblastic Leukemia	/content/disease/acute-lymphoblastic-leukemia/jak2/201/	4
JAK2 c.2049A>C (R683S) Mutation in Acute Lymphoblastic Leukemia	/content/disease/acute-lymphoblastic-leukemia/jak2/202/	5
JAK2 c.2048G>C (R683T) Mutation in Acute Lymphoblastic Leukemia	/content/disease/acute-lymphoblastic-leukemia/jak2/203/	6
CALR c.1154_1155insTTGTC (K385fs*47) Mutation in Acute Myeloid Leukemia	/content/disease/acute-myeloid-leukemia/calr/371/	7
CALR c.1099_1150del (L367fs*46) Mutation in Acute Myeloid Leukemia	/content/disease/acute-myeloid-leukemia/calr/387/	8
CBFB-MYH11 t(16;16)(p13.1;q22) Translocation in Acute Myeloid Leukemia	/content/disease/acute-myeloid-leukemia/cbfb-myh11/252/	9
CBFB-MYH11 inv(16)(p13.1q22) Inversion in Acute Myeloid Leukemia	/content/disease/acute-myeloid-leukemia/cbfb-myh11/258/	10
CEBPA Biallelic Mutation in Acute Myeloid Leukemia	/content/disease/acute-myeloid-leukemia/cebpa/372/	11
DEK-NUP214 t(6;9)(p23;q34) Translocation in Acute Myeloid Leukemia	/content/disease/acute-myeloid-leukemia/dek-nup214/255/	12
DNMT3A c.2644C>T (R882C) Mutation in Acute Myeloid Leukemia	/content/disease/acute-myeloid-leukemia/dnmt3a/291/	13
DNMT3A c.2644C>A (R882S) Mutation in Acute Myeloid Leukemia	/content/disease/acute-myeloid-leukemia/dnmt3a/292/	14
DNMT3A c.2645G>A (R882H) Mutation in Acute Myeloid Leukemia	/content/disease/acute-myeloid-leukemia/dnmt3a/293/	15
DNMT3A c.2645G>C (R882P) Mutation in Acute Myeloid Leukemia	/content/disease/acute-myeloid-leukemia/dnmt3a/294/	16
DNMT3A c.2644C>G (R882G) Mutation in Acute Myeloid Leukemia	/content/disease/acute-myeloid-leukemia/dnmt3a/295/	17
DNMT3A c.2645G>T (R882L) Mutation in Acute Myeloid Leukemia	/content/disease/acute-myeloid-leukemia/dnmt3a/296/	18
FLT3 Internal Tandem Duplication in Acute Myeloid Leukemia	/content/disease/acute-myeloid-leukemia/flt3/277/	19
FLT3 c.2503G>C (D835H) Mutation in Acute Myeloid Leukemia	/content/disease/acute-myeloid-leukemia/flt3/278/	20
FLT3 c.2503G>A (D835N) Mutation in Acute Myeloid Leukemia	/content/disease/acute-myeloid-leukemia/flt3/279/	21
FLT3 c.2503G>T (D835Y) Mutation in Acute Myeloid Leukemia	/content/disease/acute-myeloid-leukemia/flt3/280/	22
FLT3 c. 2504A>C (D835A) Mutation in Acute Myeloid Leukemia	/content/disease/acute-myeloid-leukemia/flt3/281/	23
FLT3 c.2504A>T (D835V) Mutation in Acute Myeloid Leukemia	/content/disease/acute-myeloid-leukemia/flt3/282/	24
FLT3 c.2505T>G (D835E) Mutation in Acute Myeloid Leukemia	/content/disease/acute-myeloid-leukemia/flt3/283/	25
FLT3 c.2506A>C (I836L) Mutation in Acute Myeloid Leukemia	/content/disease/acute-myeloid-leukemia/flt3/284/	26
FLT3 c.2506A>G (I836V) Mutation in Acute Myeloid Leukemia	/content/disease/acute-myeloid-leukemia/flt3/285/	27
FLT3 c.2506_2507delATinsGA (I836D) Mutation in Acute Myeloid Leukemia	/content/disease/acute-myeloid-leukemia/flt3/286/	28
FLT3 c.2506_2507delATinsCA (I836H) Mutation in Acute Myeloid Leukemia	/content/disease/acute-myeloid-leukemia/flt3/287/	29
FLT3 c.2505T>A (D835E) Mutation in Acute Myeloid Leukemia 	/content/disease/acute-myeloid-leukemia/flt3/288/	30
FLT3 c.2506A>T (I836F) Mutation in Acute Myeloid Leukemia	/content/disease/acute-myeloid-leukemia/flt3/289/	31
FLT3 c.2508C>G (I836M) Mutation in Acute Myeloid Leukemia 	/content/disease/acute-myeloid-leukemia/flt3/290/	32
IDH1 c.394C>T (R132C) Mutation in Acute Myeloid Leukemia 	/content/disease/acute-myeloid-leukemia/idh1/260/	33
IDH1 c.394C>G (R132G) Mutation in Acute Myeloid Leukemia	/content/disease/acute-myeloid-leukemia/idh1/261/	34
IDH1 c.394C>A (R132S) Mutation in Acute Myeloid Leukemia	/content/disease/acute-myeloid-leukemia/idh1/262/	35
IDH1 c.395G>A (R132H) Mutation in Acute Myeloid Leukemia	/content/disease/acute-myeloid-leukemia/idh1/263/	36
IDH1 c.395G>T (R132L) Mutation in Acute Myeloid Leukemia	/content/disease/acute-myeloid-leukemia/idh1/264/	37
IDH1 c.395G>C (R132P) Mutation in Acute Myeloid Leukemia	/content/disease/acute-myeloid-leukemia/idh1/265/	38
IDH2 c.419G>A (R140Q) Mutation in Acute Myeloid Leukemia	/content/disease/acute-myeloid-leukemia/idh2/266/	39
IDH2 c.418C>T (R140W) Mutation in Acute Myeloid Leukemia	/content/disease/acute-myeloid-leukemia/idh2/267/	40
IDH2 c.419G>T (R140L) Mutation in Acute Myeloid Leukemia	/content/disease/acute-myeloid-leukemia/idh2/268/	41
IDH2 c.418C>G (R140G) Mutation in Acute Myeloid Leukemia	/content/disease/acute-myeloid-leukemia/idh2/269/	42
IDH2 c.515G>A (R172K) Mutation in Acute Myeloid Leukemia	/content/disease/acute-myeloid-leukemia/idh2/270/	43
IDH2 c.515G>T (R172M) Mutation in Acute Myeloid Leukemia	/content/disease/acute-myeloid-leukemia/idh2/271/	44
IDH2 c.516G>C (R172S) Mutation in Acute Myeloid Leukemia	/content/disease/acute-myeloid-leukemia/idh2/272/	45
KIT Exon 8 Mutation in Acute Myeloid Leukemia	/content/disease/acute-myeloid-leukemia/kit/273/	46
KIT c.2446G>T (D816Y) Mutation in Acute Myeloid Leukemia	/content/disease/acute-myeloid-leukemia/kit/274/	47
KIT c.2447A>T (D816V) Mutation in Acute Myeloid Leukemia	/content/disease/acute-myeloid-leukemia/kit/275/	48
KIT c.2446_2447delGAinsAT (D816I) Mutation in Acute Myeloid Leukemia	/content/disease/acute-myeloid-leukemia/kit/276/	49
KIT c.2446G>C (D816H) Mutation in Acute Myeloid Leukemia 	/content/disease/acute-myeloid-leukemia/kit/84/	50
MLL-MLLT3 t(9;11)(p22;q23) Translocation in Acute Myeloid Leukemia	/content/disease/acute-myeloid-leukemia/mll-mllt3/254/	51
NPM1 Exon 12 Mutations in Acute Myeloid Leukemia	/content/disease/acute-myeloid-leukemia/npm1/373/	52
PML-RARA t(15;17)(q22;q12) Translocation in Acute Myeloid Leukemia	/content/disease/acute-myeloid-leukemia/pml-rara/253/	53
RBM15-MKL1 t(1;22)(p13;q13) Translocation in Acute Myeloid Leukemia	/content/disease/acute-myeloid-leukemia/rbm15-mkl1/257/	54
RPN1-EVI1 (RPN1-MECOM) inv(3)(q21q26.2) Inversion in Acute Myeloid Leukemia	/content/disease/acute-myeloid-leukemia/rpn1-evi1/256/	55
RPN1-EVI1 (RPN1-MECOM) t(3;3)(q21;q26.2) Translocation in Acute Myeloid Leukemia	/content/disease/acute-myeloid-leukemia/rpn1-evi1/259/	56
RUNX1-RUNX1T1 t(8;21)(q22;q22) Translocation in Acute Myeloid Leukemia	/content/disease/acute-myeloid-leukemia/runx1-runx1t1/251/	57
TET2 Mutations in Acute Myeloid Leukemia	/content/disease/acute-myeloid-leukemia/tet2/330/	58
ALK Fusions in Anaplastic Large Cell Lymphoma	/content/disease/anaplastic-large-cell-lymphoma/alk/66/	59
SMO c.1417G>C (D473H) Mutation in Basal Cell Carcinoma	/content/disease/basal-cell-carcinoma/smo/163/	60
SMO c.203_204delCCinsTT (A68V) Mutation in Basal Cell Carcinoma	/content/disease/basal-cell-carcinoma/smo/164/	61
SMO c.595C>T (R199W) Mutation in Basal Cell Carcinoma	/content/disease/basal-cell-carcinoma/smo/165/	62
SMO c.1046_1047delCCinsTT (T349I) Mutation in Basal Cell Carcinoma	/content/disease/basal-cell-carcinoma/smo/166/	63
SMO c.1452_1453delCCinsTT (R485W) Mutation in Basal Cell Carcinoma	/content/disease/basal-cell-carcinoma/smo/167/	64
SMO c.1542_1543delCCinsTT (L515F) Mutation in Basal Cell Carcinoma	/content/disease/basal-cell-carcinoma/smo/168/	65
SMO c.1604G>T (W535L) Mutation in Basal Cell Carcinoma	/content/disease/basal-cell-carcinoma/smo/169/	66
SMO c.1685G>A (R562Q) Mutation in Basal Cell Carcinoma	/content/disease/basal-cell-carcinoma/smo/170/	67
SMO c.1955C>T (A652V) Mutation in Basal Cell Carcinoma	/content/disease/basal-cell-carcinoma/smo/171/	68
SMO c.2263_2264delCCinsTT (P755F) Mutation in Basal Cell Carcinoma	/content/disease/basal-cell-carcinoma/smo/172/	69
FGFR3 Fusion in Bladder Cancer	/content/disease/bladder-cancer/fgfr3/341/	70
FGFR3 c.746C>G (S249C) Mutation in Bladder Cancer	/content/disease/bladder-cancer/fgfr3/356/	71
FGFR3 c.1114G>T (G372C) Mutation in Bladder Cancer	/content/disease/bladder-cancer/fgfr3/360/	72
FGFR3 c.1954A>C (K652E) Mutation in Bladder Cancer	/content/disease/bladder-cancer/fgfr3/361/	73
FGFR3 c.1955A>T (K652M) Mutation in Bladder Cancer	/content/disease/bladder-cancer/fgfr3/362/	74
FGFR3 c.1954A>G (K652Q) Mutation in Bladder Cancer	/content/disease/bladder-cancer/fgfr3/363/	75
FGFR3 c.1955A>C (K652T) Mutation in Bladder Cancer	/content/disease/bladder-cancer/fgfr3/364/	76
FGFR3 c.742C>T (R248C) Mutation in Bladder Cancer	/content/disease/bladder-cancer/fgfr3/365/	77
FGFR3 c.1124A>G (Y375C) Mutation in Bladder Cancer	/content/disease/bladder-cancer/fgfr3/366/	78
TSC1 c.1907_1908del (E636fs) Mutation in Bladder Cancer	/content/disease/bladder-cancer/tsc1/237/	79
AKT1 c.49G>A (E17K) Mutation in Breast Cancer	/content/disease/breast-cancer/akt1/23/	80
AR Expression in Breast Cancer	/content/disease/breast-cancer/ar/311/	81
ER (ESR1) Expression in Breast Cancer	/content/disease/breast-cancer/esr1/248/	82
ESR1 Mutations Associated with Acquired Resistance to Antiestrogen Therapy	/content/disease/breast-cancer/esr1/314/	83
FGFR1 Amplification in Breast Cancer	/content/disease/breast-cancer/fgfr1/58/	84
FGFR2 Amplification in Breast Cancer	/content/disease/breast-cancer/fgfr2/309/	85
FGFR3 c.746C>G (S249C) Mutation in Breast Cancer	/content/disease/breast-cancer/fgfr3/356/	86
FGFR3 Amplification in Breast Cancer	/content/disease/breast-cancer/fgfr3/357/	87
HER2 (ERBB2) Amplification in Breast Cancer	/content/disease/breast-cancer/erbb2/119/	88
HER2 (ERBB2) Overexpression in Breast Cancer	/content/disease/breast-cancer/erbb2/238/	89
HER2 (ERBB2) c.926G>C (G309A) Mutation in Breast Cancer	/content/disease/breast-cancer/erbb2/239/	90
HER2 (ERBB2) c.2305G>C (D769H) Mutation in Breast Cancer	/content/disease/breast-cancer/erbb2/240/	91
HER2 (ERBB2) c.2305G>T (D769Y) Mutation in Breast Cancer	/content/disease/breast-cancer/erbb2/241/	92
HER2 (ERBB2) c.2264_2278del (L755_T759del) Mutation in Breast Cancer	/content/disease/breast-cancer/erbb2/242/	93
HER2 (ERBB2) c.2339_2340ins (G778_P780dup) Mutation in Breast Cancer	/content/disease/breast-cancer/erbb2/243/	94
HER2 (ERBB2) c.2524G>A (V842I) Mutation in Breast Cancer	/content/disease/breast-cancer/erbb2/244/	95
HER2 (ERBB2) c.2686C>T (R896C) Mutation in Breast Cancer	/content/disease/breast-cancer/erbb2/245/	96
HER2 (ERBB2) c.2264T>C (L755S) Mutation in Breast Cancer	/content/disease/breast-cancer/erbb2/246/	97
HER2 (ERBB2) c.2329G>T (V777L) Mutation in Breast Cancer	/content/disease/breast-cancer/erbb2/247/	98
PIK3CA c.3140A>T (H1047L) Mutation in Breast Cancer	/content/disease/breast-cancer/pik3ca/10/	99
PIK3CA  c.3140A>G (H1047R) Mutation in Breast Cancer	/content/disease/breast-cancer/pik3ca/11/	100
PIK3CA c.1634A>G (E545G) Mutation in Breast Cancer	/content/disease/breast-cancer/pik3ca/13/	101
PIK3CA c.1634A>T (E545V) Mutation in Breast Cancer	/content/disease/breast-cancer/pik3ca/14/	102
PIK3CA c.1636C>G (Q546E) Mutation in Breast Cancer	/content/disease/breast-cancer/pik3ca/15/	103
PIK3CA c.1636C>A (Q546K) Mutation in Breast Cancer	/content/disease/breast-cancer/pik3ca/16/	104
PIK3CA c.1637A>T (Q546L) Mutation in Breast Cancer	/content/disease/breast-cancer/pik3ca/17/	105
PIK3CA c.1637A>C (Q546P) Mutation in Breast Cancer	/content/disease/breast-cancer/pik3ca/18/	106
PIK3CA c.1637A>G (Q546R) Mutation in Breast Cancer	/content/disease/breast-cancer/pik3ca/19/	107
PIK3CA c.1645G>A (D549N) Mutation in Breast Cancer	/content/disease/breast-cancer/pik3ca/20/	108
PIK3CA c.1624G>A (E542K) Mutation in Breast Cancer	/content/disease/breast-cancer/pik3ca/7/	109
PIK3CA c.1633G>A (E545K) Mutation in Breast Cancer	/content/disease/breast-cancer/pik3ca/8/	110
PIK3CA c.1633G>C (E545Q) Mutation in Breast Cancer	/content/disease/breast-cancer/pik3ca/9/	111
PR (PGR) Expression in Breast Cancer	/content/disease/breast-cancer/pgr/249/	112
PTEN c.477G>T (R159S) Mutations in Breast Cancer	/content/disease/breast-cancer/pten/24/	113
PTEN c.697C>T (R233*) Mutations in Breast Cancer	/content/disease/breast-cancer/pten/25/	114
PTEN c.800delA (K267fs*9) Mutations in Breast Cancer	/content/disease/breast-cancer/pten/26/	115
BIRC3 Truncating Mutations in Chronic Lymphocytic Leukemia	/content/disease/chronic-lymphocytic-leukemia/birc3/342/	116
NOTCH1 c.7541_7542delCT (P2514fs) Mutation in Chronic Lymphocytic Leukemia	/content/disease/chronic-lymphocytic-leukemia/notch1/344/	117
NOTCH1 Truncating Mutations in Chronic Lymphocytic Leukemia	/content/disease/chronic-lymphocytic-leukemia/notch1/345/	118
BCR-ABL1 Fusions in Chronic Myeloid Leukemia	/content/disease/chronic-myeloid-leukemia/bcr-abl1/219/	119
Other BCR-ABL1 Mutations in Chronic Myeloid Leukemia	/content/disease/chronic-myeloid-leukemia/bcr-abl1/220/	120
BCR-ABL1 c.1075T>G (F359V) Mutation in Chronic Myeloid Leukemia	/content/disease/chronic-myeloid-leukemia/bcr-abl1/221/	121
BCR-ABL1 c.1075T>A (F359I) Mutation in Chronic Myeloid Leukemia	/content/disease/chronic-myeloid-leukemia/bcr-abl1/222/	122
BCR-ABL1 c.1076T>G (F359C) Mutation in Chronic Myeloid Leukemia	/content/disease/chronic-myeloid-leukemia/bcr-abl1/223/	123
BCR-ABL1 c.764A>T (E255V) Mutation in Chronic Myeloid Leukemia	/content/disease/chronic-myeloid-leukemia/bcr-abl1/224/	124
BCR-ABL1 c.949T>G (F317V) Mutation in Chronic Myeloid Leukemia	/content/disease/chronic-myeloid-leukemia/bcr-abl1/225/	125
BCR-ABL1 c.951C>G (F317L) Mutation in Chronic Myeloid Leukemia	/content/disease/chronic-myeloid-leukemia/bcr-abl1/226/	126
BCR-ABL1 c.949T>C (F317L) Mutation in Chronic Myeloid Leukemia	/content/disease/chronic-myeloid-leukemia/bcr-abl1/227/	127
BCR-ABL1 c.951C>A (F317L) Mutation in Chronic Myeloid Leukemia	/content/disease/chronic-myeloid-leukemia/bcr-abl1/228/	128
BCR-ABL1 c.949T>A (F317I) Mutation in Chronic Myeloid Leukemia	/content/disease/chronic-myeloid-leukemia/bcr-abl1/229/	129
BCR-ABL1 c.950T>G (F317C) Mutation in Chronic Myeloid Leukemia	/content/disease/chronic-myeloid-leukemia/bcr-abl1/230/	130
BCR-ABL1 c.944C>T (T315I) Mutation in Chronic Myeloid Leukemia	/content/disease/chronic-myeloid-leukemia/bcr-abl1/231/	131
BCR-ABL1 c.943A>G (T315A) Mutation in Chronic Myeloid Leukemia 	/content/disease/chronic-myeloid-leukemia/bcr-abl1/232/	132
BCR-ABL1 c.895G>T (V299L) Mutation in Chronic Myeloid Leukemia	/content/disease/chronic-myeloid-leukemia/bcr-abl1/233/	133
BCR-ABL1 c.895G>C (V299L) Mutation in Chronic Myeloid Leukemia	/content/disease/chronic-myeloid-leukemia/bcr-abl1/234/	134
BCR-ABL1 c.763G>A (E255K) Mutation in Chronic Myeloid Leukemia	/content/disease/chronic-myeloid-leukemia/bcr-abl1/235/	135
BCR-ABL1 c.757T>C (Y253H) Mutation in Chronic Myeloid Leukemia	/content/disease/chronic-myeloid-leukemia/bcr-abl1/236/	136
AKT1 c.49G>A (E17K) Mutation in Colorectal Cancer 	/content/disease/colorectal-cancer/akt1/23/	137
BRAF c.1406G>A (G469E) Mutation in Colorectal Cancer	/content/disease/colorectal-cancer/braf/146/	138
BRAF c.1406G>T (G469V) Mutation in Colorectal Cancer	/content/disease/colorectal-cancer/braf/147/	139
BRAF c.1781A>G (D594G) Mutation in Colorectal Cancer	/content/disease/colorectal-cancer/braf/148/	140
BRAF c.1781A>T (D594V) Mutation in Colorectal Cancer	/content/disease/colorectal-cancer/braf/149/	141
BRAF c.1786G>C (G596R) Mutation in Colorectal Cancer	/content/disease/colorectal-cancer/braf/150/	142
BRAF c.1799T>A (V600E) Mutation in Colorectal Cancer	/content/disease/colorectal-cancer/braf/54/	143
BRAF c.1397G>T (G466V) Mutation in Colorectal Cancer	/content/disease/colorectal-cancer/braf/70/	144
BRAF c.1406G>C (G469A) Mutation in Colorectal Cancer	/content/disease/colorectal-cancer/braf/71/	145
KRAS c.38G>T (G13V) Mutation in Colorectal Cancer	/content/disease/colorectal-cancer/kras/159/	146
KRAS c.351A>C (K117N) Mutation in Colorectal Cancer	/content/disease/colorectal-cancer/kras/160/	147
KRAS c.351A>T (K117N) Mutation in Colorectal Cancer	/content/disease/colorectal-cancer/kras/161/	148
KRAS c.436G>C (A146P) Mutation in Colorectal Cancer	/content/disease/colorectal-cancer/kras/27/	149
KRAS c.436G>A (A146T) Mutation in Colorectal Cancer	/content/disease/colorectal-cancer/kras/28/	150
KRAS c.437C>T (A146V) Mutation in Colorectal Cancer	/content/disease/colorectal-cancer/kras/29/	151
KRAS c.183A>C (Q61H) Mutation in Colorectal Cancer	/content/disease/colorectal-cancer/kras/30/	152
KRAS c.182A>C (Q61P) Mutation in Colorectal Cancer	/content/disease/colorectal-cancer/kras/308/	153
KRAS c.183A>T (Q61H) Mutation in Colorectal Cancer	/content/disease/colorectal-cancer/kras/31/	154
KRAS c.35G>C (G12A) Mutation in Colorectal Cancer	/content/disease/colorectal-cancer/kras/32/	155
KRAS c.34G>T (G12C) Mutation in Colorectal Cancer	/content/disease/colorectal-cancer/kras/33/	156
KRAS c.35G>A (G12D) Mutation in Colorectal Cancer	/content/disease/colorectal-cancer/kras/34/	157
KRAS c.64C>A (Q22K) Mutation in Colorectal Cancer	/content/disease/colorectal-cancer/kras/347/	158
KRAS c.34G>C (G12R) Mutation in Colorectal Cancer	/content/disease/colorectal-cancer/kras/35/	159
KRAS c.34G>A (G12S) Mutation in Colorectal Cancer	/content/disease/colorectal-cancer/kras/36/	160
KRAS Amplification in Colorectal Cancer	/content/disease/colorectal-cancer/kras/367/	161
KRAS c.35G>T (G12V) Mutation in Colorectal Cancer	/content/disease/colorectal-cancer/kras/37/	162
KRAS c.37G>T (G13C) Mutation in Colorectal Cancer	/content/disease/colorectal-cancer/kras/38/	163
KRAS c.38G>A (G13D) Mutation in Colorectal Cancer	/content/disease/colorectal-cancer/kras/39/	164
KRAS c.37G>C (G13R) Mutation in Colorectal Cancer	/content/disease/colorectal-cancer/kras/40/	165
KRAS c.181C>A (Q61K) Mutation in Colorectal Cancer	/content/disease/colorectal-cancer/kras/41/	166
KRAS c.182A>T (Q61L) Mutation in Colorectal Cancer	/content/disease/colorectal-cancer/kras/42/	167
KRAS c.182A>G (Q61R) Mutation in Colorectal Cancer	/content/disease/colorectal-cancer/kras/43/	168
No KRAS and No NRAS Mutation Detected in Colorectal Cancer	/content/disease/colorectal-cancer/kras/44/	169
KRAS c.38G>C (G13A) Mutation in Colorectal Cancer	/content/disease/colorectal-cancer/kras/68/	170
KRAS c.37G>A (G13S) Mutation in Colorectal Cancer	/content/disease/colorectal-cancer/kras/69/	171
No KRAS and No NRAS Mutation Detected in Colorectal Cancer	/content/disease/colorectal-cancer/nras/316/	172
NRAS c.181C>A (Q61K) Mutation in Colorectal Cancer	/content/disease/colorectal-cancer/nras/75/	173
NRAS c.182A>G (Q61R) Mutation in Colorectal Cancer	/content/disease/colorectal-cancer/nras/77/	174
NRAS c.35G>C (G12A) Mutation in Colorectal Cancer	/content/disease/colorectal-cancer/nras/85/	175
NRAS c.34G>T (G12C) Mutation in Colorectal Cancer	/content/disease/colorectal-cancer/nras/86/	176
NRAS c.35G>A (G12D) Mutation in Colorectal Cancer	/content/disease/colorectal-cancer/nras/87/	177
NRAS c.34G>A (G12S) Mutation in Colorectal Cancer	/content/disease/colorectal-cancer/nras/89/	178
NRAS c.35G>T (G12V) Mutation in Colorectal Cancer	/content/disease/colorectal-cancer/nras/90/	179
PIK3CA c.3140A>T (H1047L) Mutation in Colorectal Cancer	/content/disease/colorectal-cancer/pik3ca/10/	180
PIK3CA c.3140A>G (H1047R) Mutation in Colorectal Cancer	/content/disease/colorectal-cancer/pik3ca/11/	181
PIK3CA c.1634A>G (E545G) Mutation in Colorectal Cancer	/content/disease/colorectal-cancer/pik3ca/13/	182
PIK3CA c.1634A>T (E545V) Mutation in Colorectal Cancer	/content/disease/colorectal-cancer/pik3ca/14/	183
PIK3CA c.1636C>G (Q546E) Mutation in Colorectal Cancer	/content/disease/colorectal-cancer/pik3ca/15/	184
PIK3CA c.1636C>A (Q546K) Mutation in Colorectal Cancer	/content/disease/colorectal-cancer/pik3ca/16/	185
PIK3CA c.1637A>T (Q546L) Mutation in Colorectal Cancer	/content/disease/colorectal-cancer/pik3ca/17/	186
PIK3CA c.1637A>C (Q546P) Mutation in Colorectal Cancer	/content/disease/colorectal-cancer/pik3ca/18/	187
PIK3CA c.1637A>G (Q546R) Mutation in Colorectal Cancer	/content/disease/colorectal-cancer/pik3ca/19/	188
PIK3CA c.1645G>A (D549N) Mutation in Colorectal Cancer	/content/disease/colorectal-cancer/pik3ca/20/	189
PIK3CA c.1624G>A (E542K) Mutation in Colorectal Cancer	/content/disease/colorectal-cancer/pik3ca/7/	190
PIK3CA c.1633G>A (E545K) Mutation in Colorectal Cancer	/content/disease/colorectal-cancer/pik3ca/8/	191
PIK3CA c.1633G>C (E545Q) Mutation in Colorectal Cancer	/content/disease/colorectal-cancer/pik3ca/9/	192
PTEN c.477G>T (R159S) Mutations in Colorectal Cancer	/content/disease/colorectal-cancer/pten/24/	193
PTEN c.697C>T (R233*) Mutations in Colorectal Cancer 	/content/disease/colorectal-cancer/pten/25/	194
PTEN c.800delA (K267fs*9) Mutations in Colorectal Cancer	/content/disease/colorectal-cancer/pten/26/	195
SMAD4 c.989A>C (E330A) Mutation in Colorectal Cancer	/content/disease/colorectal-cancer/smad4/151/	196
SMAD4 c.1051G>C (D351H) Mutation in Colorectal Cancer	/content/disease/colorectal-cancer/smad4/152/	197
SMAD4 c.1609G>T (D537Y) Mutation in Colorectal Cancer	/content/disease/colorectal-cancer/smad4/153/	198
SMAD4 c.1051G>A (D351N) mutation in Colorectal Cancer	/content/disease/colorectal-cancer/smad4/154/	199
SMAD4 c.1065C>A (D355E) Mutation in Colorectal Cancer	/content/disease/colorectal-cancer/smad4/155/	200
SMAD4 c.1081C>A (R361S) Mutation in Colorectal Cancer	/content/disease/colorectal-cancer/smad4/156/	201
SMAD4 c.1081C>T (R361C) Mutation in Colorectal Cancer	/content/disease/colorectal-cancer/smad4/157/	202
SMAD4 c.1082G>A (R361H) Mutation in Colorectal Cancer	/content/disease/colorectal-cancer/smad4/158/	203
HER2 (ERBB2) Amplification in Gastric Cancer	/content/disease/gastric-cancer/erbb2/119/	204
BRAF c.1799T>A (V600E) mutation in GIST	/content/disease/gist/braf/54/	205
No Mutation Detected in KIT, PDGFRA and BRAF in GIST	/content/disease/gist/braf/55/	206
KIT Exon 9 Mutation in GIST	/content/disease/gist/kit/46/	207
KIT Exon 11 Mutation in GIST	/content/disease/gist/kit/47/	208
KIT Exon 13 Mutation in GIST	/content/disease/gist/kit/49/	209
KIT Exon 14 Mutation in GIST	/content/disease/gist/kit/50/	210
KIT Exon 17 Mutation in GIST	/content/disease/gist/kit/52/	211
No Mutation Detected in KIT, PDGFRA and BRAF in GIST	/content/disease/gist/kit/56/	212
PDGFRA Exon 18 Mutation in GIST (D842V)	/content/disease/gist/pdgfra/45/	213
PDGFRA Exon 12 Mutation in GIST	/content/disease/gist/pdgfra/48/	214
PDGFRA Exon 14 Mutation in GIST	/content/disease/gist/pdgfra/51/	215
PDGFRA Exon 18 Mutation in GIST	/content/disease/gist/pdgfra/53/	216
No Mutation Detected in KIT, PDGFRA and BRAF in GIST	/content/disease/gist/pdgfra/57/	217
BRAF c.1799T>A (V600E) Mutation in Glioma	/content/disease/glioma/braf/54/	218
IDH1 c.394C>T (R132C) Mutation in Glioma	/content/disease/glioma/idh1/260/	219
IDH1 c.394C>G (R132G) Mutation in Glioma	/content/disease/glioma/idh1/261/	220
IDH1 c.394C>A (R132S) Mutation in Glioma	/content/disease/glioma/idh1/262/	221
IDH1 c.395G>A (R132H) Mutation in Glioma	/content/disease/glioma/idh1/263/	222
IDH1 c.395G>T (R132L) Mutation in Glioma	/content/disease/glioma/idh1/264/	223
IDH2 c.515G>A (R172K) Mutation in Glioma	/content/disease/glioma/idh2/270/	224
IDH2 c.515G>T (R172M) Mutation in Glioma	/content/disease/glioma/idh2/271/	225
IDH2 c.516G>C (R172S) Mutation in Glioma	/content/disease/glioma/idh2/272/	226
IDH2 c.514A>G (R172G) Mutation in Glioma	/content/disease/glioma/idh2/317/	227
IDH2 c.514A>T (R172W) Mutation in Glioma	/content/disease/glioma/idh2/318/	228
IDH2 c.516G>T (R172S) Mutation in Glioma	/content/disease/glioma/idh2/319/	229
ALK Fusions in Inflammatory Myofibroblastic Tumor	/content/disease/inflammatory-myofibroblastic-tumor/alk/66/	230
AKT1 c.49G>A (E17K) Mutations in Non-Small Cell Lung Cancer (NSCLC)	/content/disease/lung-cancer/akt1/23/	231
ALK Mutations Associated with Acquired Resistance to ALK TKI Therapy	/content/disease/lung-cancer/alk/139/	232
ALK Fusions in Non-Small Cell Lung Cancer	/content/disease/lung-cancer/alk/66/	233
BRAF c.1415A>G (Y472C) Mutation in Non-Small Cell Lung Cancer	/content/disease/lung-cancer/braf/209/	234
BRAF c.1405_1406delGGinsTT (G469L) Mutation in Non-Small Cell Lung Cancer	/content/disease/lung-cancer/braf/310/	235
BRAF c.1799T>A (V600E) Mutation in Non-Small Cell Lung Cancer	/content/disease/lung-cancer/braf/54/	236
BRAF c.1397G>T (G466V) Mutation in Non-Small Cell Lung Cancer	/content/disease/lung-cancer/braf/70/	237
BRAF c.1406G>C (G469A) Mutation in Non-Small Cell Lung Cancer	/content/disease/lung-cancer/braf/71/	238
BRAF c.1789C>G (L597V) Mutation in Non-Small Cell Lung Cancer	/content/disease/lung-cancer/braf/73/	239
DDR2 c.2304T>A (S768R) Mutation in Squamous Cell Carcinoma of the Lung	/content/disease/lung-cancer/ddr2/78/	240
EGFR c.2156G>C (G719A) Mutations in Non-Small Cell Lung Cancer	/content/disease/lung-cancer/egfr/1/	241
EGFR Exon 19 Insertion in Non-Small Cell Lung Cancer	/content/disease/lung-cancer/egfr/135/	242
EGFR c.2155G>T (G719C) Mutations in Non-Small Cell Lung Cancer	/content/disease/lung-cancer/egfr/2/	243
EGFR Exon 19 Deletion in Non-Small Cell Lung Cancer	/content/disease/lung-cancer/egfr/21/	244
EGFR c.2155G>A (G719S) Mutations in Non-Small Cell Lung Cancer	/content/disease/lung-cancer/egfr/3/	245
EGFR c.2290_2291ins (A763_Y764insFQEA) Mutation in Non-Small Cell Lung Cancer	/content/disease/lung-cancer/egfr/312/	246
EGFR Status Unknown in Non-Small Cell Lung cancer	/content/disease/lung-cancer/egfr/313/	247
EGFR exon 18â25 Kinase Domain Duplication (EGFR-KDD) in Non-Small Cell Lung Cancer	/content/disease/lung-cancer/egfr/339/	248
EGFR c.2303G>T (S768I) Mutation in Lung Cancer	/content/disease/lung-cancer/egfr/348/	249
EGFR c.2390G>C (C797S) Mutation in Lung Cancer	/content/disease/lung-cancer/egfr/368/	250
EGFR c.2369C>T (T790M) Mutation in Non-Small Cell Lung Cancer	/content/disease/lung-cancer/egfr/4/	251
EGFR c.2573T>G (L858R) Mutation in Non-Small Cell Lung Cancer	/content/disease/lung-cancer/egfr/5/	252
EGFR c.2582T>A (L861Q) Mutation in Non-Small Cell Lung Cancer	/content/disease/lung-cancer/egfr/6/	253
EGFR Exon 20 Insertion in Non-Small Cell Lung Cancer	/content/disease/lung-cancer/egfr/64/	254
No EGFR Mutation Detected in Non-Small Cell Lung Cancer	/content/disease/lung-cancer/egfr/79/	255
FGFR1 Amplification in SCC of the Lung	/content/disease/lung-cancer/fgfr1/58/	256
FGFR3 Fusions in Lung Cancer	/content/disease/lung-cancer/fgfr3/341/	257
HER2 (ERBB2) Exon 20 Insertion in Non-Small Cell Lung Cancer	/content/disease/lung-cancer/erbb2/65/	258
KRAS c.183A>C (Q61H) Mutation in Non-Small Cell Lung Cancer	/content/disease/lung-cancer/kras/30/	259
KRAS c.183A>T (Q61H) Mutation in Non-Small Cell Lung Cancer	/content/disease/lung-cancer/kras/31/	260
KRAS c.35G>C (G12A) Mutation in Non-Small Cell Lung Cancer	/content/disease/lung-cancer/kras/32/	261
KRAS c.34G>T (G12C) Mutation in Non-Small Cell Lung Cancer	/content/disease/lung-cancer/kras/33/	262
KRAS c.35G>A (G12D) Mutation in Non-Small Cell Lung Cancer	/content/disease/lung-cancer/kras/34/	263
KRAS c.34G>C (G12R) Mutation in Non-Small Cell Lung Cancer	/content/disease/lung-cancer/kras/35/	264
KRAS c.34G>A (G12S) Mutation in Non-Small Cell Lung Cancer	/content/disease/lung-cancer/kras/36/	265
KRAS c.35G>T (G12V) Mutation in Non-Small Cell Lung Cancer	/content/disease/lung-cancer/kras/37/	266
KRAS c.37G>T (G13C) Mutation in Non-Small Cell Lung Cancer	/content/disease/lung-cancer/kras/38/	267
KRAS c.38G>A (G13D) Mutation in Non-Small Cell Lung Cancer	/content/disease/lung-cancer/kras/39/	268
KRAS c.37G>C (G13R) Mutation in Non-Small Cell Lung Cancer	/content/disease/lung-cancer/kras/40/	269
KRAS c.181C>A (Q61K) Mutation in Non-Small Cell Lung Cancer	/content/disease/lung-cancer/kras/41/	270
KRAS c.182A>T (Q61L) Mutation in Non-Small Cell Lung Cancer	/content/disease/lung-cancer/kras/42/	271
KRAS c.182A>G (Q61R) Mutation in Non-Small Cell Lung Cancer	/content/disease/lung-cancer/kras/43/	272
KRAS c.38G>C (G13A) Mutation in Non-Small Cell Lung Cancer	/content/disease/lung-cancer/kras/68/	273
KRAS c.37G>A (G13S) Mutation in Non-Small Cell Lung Cancer	/content/disease/lung-cancer/kras/69/	274
MEK1 (MAP2K1) c.199G>A (D67N) Mutations in Non-Small Cell Lung Cancer (NSCLC)	/content/disease/lung-cancer/map2k1/60/	275
MEK1 (MAP2K1) c.171G>T (K57N) Mutations in Non-Small Cell Lung Cancer (NSCLC)	/content/disease/lung-cancer/map2k1/72/	276
MEK1 (MAP2K1) c.167A>C (Q56P) Mutation in Non-Small Cell Lung Cancer (NSCLC)	/content/disease/lung-cancer/map2k1/74/	277
MET Exon 14 Skipping Mutations in Lung Cancer	/content/disease/lung-cancer/met/343/	278
MET Amplification in Non-Small Cell Lung Cancer	/content/disease/lung-cancer/met/59/	279
NRAS c.181C>A (Q61K) Mutation in Non-Small Cell Lung Cancer	/content/disease/lung-cancer/nras/75/	280
NRAS c.182A>T (Q61L) Mutation in Non-Small Cell Lung Cancer	/content/disease/lung-cancer/nras/76/	281
NRAS c.182A>G (Q61R) Mutation in Non-Small Cell Lung Cancer	/content/disease/lung-cancer/nras/77/	282
NRAS c.183A>C (Q61H) Mutation in Non-Small Cell Lung Cancer	/content/disease/lung-cancer/nras/80/	283
NRAS c.183A>T (Q61H) Mutation in Lung Cancer	/content/disease/lung-cancer/nras/81/	284
NRAS c.35G>C (G12A) Mutation in Non-Small Cell Lung Cancer	/content/disease/lung-cancer/nras/85/	285
NRAS c.34G>T (G12C) Mutation in Non-Small Cell Lung Cancer	/content/disease/lung-cancer/nras/86/	286
NRAS c.35G>A (G12D) Mutation in Non-Small Cell Lung Cancer	/content/disease/lung-cancer/nras/87/	287
NRAS c.34G>C (G12R) Mutation in Non-Small Cell Lung Cancer	/content/disease/lung-cancer/nras/88/	288
NRAS c.34G>A (G12S) Mutation in Non-Small Cell Lung Cancer	/content/disease/lung-cancer/nras/89/	289
NTRK1 (TRKA) Fusions in Lung Cancer	/content/disease/lung-cancer/ntrk1/315/	290
PD-L1 (CD274) Expression in Lung Cancer	/content/disease/lung-cancer/cd274/359/	291
PIK3CA  c.3140A>T (H1047L) Mutation in Non-Small Cell Lung Cancer	/content/disease/lung-cancer/pik3ca/10/	292
PIK3CA c.3140A>G (H1047R) Mutation in Non-Small Cell Lung Cancer	/content/disease/lung-cancer/pik3ca/11/	293
PIK3CA c.1624G>A (E542K) Mutation in Non-Small Cell Lung Cancer	/content/disease/lung-cancer/pik3ca/7/	294
PIK3CA c.1633G>A (E545K) Mutation in Non-Small Cell Lung Cancer	/content/disease/lung-cancer/pik3ca/8/	295
PIK3CA c.1633G>C (E545Q) Mutation in Non-Small Cell Lung Cancer	/content/disease/lung-cancer/pik3ca/9/	296
PTEN c.697C>T  (R233*) Mutations in Non-Small Cell Lung Cancer (NSCLC)	/content/disease/lung-cancer/pten/25/	297
RET Fusions in Non-Small Cell Lung Cancer	/content/disease/lung-cancer/ret/127/	298
RICTOR Amplification in Lung Cancer	/content/disease/lung-cancer/rictor/340/	299
ROS1 Mutations Associated with Acquired Resistance to ROS1 TKI Therapy	/content/disease/lung-cancer/ros1/346/	300
ROS1 Fusions in Non-Small Cell Lung Cancer	/content/disease/lung-cancer/ros1/67/	301
SMO c.1417G>C (D473H) Mutation in Medulloblastoma	/content/disease/medulloblastoma/smo/163/	302
BRAF c.1799_1800delTGinsAA (V600E) Mutation in Melanoma	/content/disease/melanoma/braf/111/	303
BRAF c.1799_1800delTGinsAT (V600D) Mutation in Melanoma	/content/disease/melanoma/braf/114/	304
BRAF c.1799T>G (V600G) Mutation in Melanoma	/content/disease/melanoma/braf/115/	305
BRAF c.1798_1799delGTinsAA (V600K) Mutation in Melanoma	/content/disease/melanoma/braf/116/	306
BRAF c.1798G>A (V600M) Mutation in Melanoma	/content/disease/melanoma/braf/117/	307
BRAF c.1798_1799delGTinsAG (V600R) Mutation in Melanoma	/content/disease/melanoma/braf/118/	308
BRAF c.1790T>G (L597R) Mutation in Melanoma	/content/disease/melanoma/braf/138/	309
BRAF c.1781A>G (D594G) Mutation in Melanoma	/content/disease/melanoma/braf/148/	310
BRAF c.1781A>T (D594V) Mutation in Melanoma	/content/disease/melanoma/braf/149/	311
BRAF c.1790T>A (L597Q) Mutation in Melanoma	/content/disease/melanoma/braf/188/	312
BRAF c.1789_1790delCTinsTC (L597S) Mutation in Melanoma	/content/disease/melanoma/braf/189/	313
BRAF c.1801A>G (K601E) Mutation in Melanoma	/content/disease/melanoma/braf/190/	314
BRAF c.1780G>A (D594N) Mutation in Melanoma	/content/disease/melanoma/braf/298/	315
BRAF c.1779_1780delTGinsGA (D594N) Mutation in Melanoma	/content/disease/melanoma/braf/299/	316
BRAF c.1780G>C (D594H) Mutation in Melanoma	/content/disease/melanoma/braf/300/	317
BRAF c.1782T>A (D594E) Mutation in Melanoma	/content/disease/melanoma/braf/301/	318
BRAF c.1782T>G (D594E) Mutation in Melanoma	/content/disease/melanoma/braf/302/	319
BRAF Fusions in Melanoma	/content/disease/melanoma/braf/334/	320
BRAF c.1799T>A (V600E) Mutation in Melanoma	/content/disease/melanoma/braf/54/	321
BRAF c.1789C>G (L597V) Mutation in Melanoma	/content/disease/melanoma/braf/73/	322
CTNNB1(beta-catenin) c.110C>T (S37F) Mutation in Melanoma	/content/disease/melanoma/ctnnb1/104/	323
CTNNB1 (beta-catenin) c.110C>A (S37Y) Mutation in Melanoma	/content/disease/melanoma/ctnnb1/105/	324
CTNNB1 (beta-catenin) c.134C>T (S45F) Mutation in Melanoma	/content/disease/melanoma/ctnnb1/106/	325
CTNNB1 (beta-catenin) c.133T>C (S45P) Mutation in Melanoma	/content/disease/melanoma/ctnnb1/107/	326
CTNNB1 (beta-catenin) c.134C>A (S45Y) Mutation in Melanoma	/content/disease/melanoma/ctnnb1/108/	327
GNA11 c.626A>C (Q209P) Mutation in Melanoma	/content/disease/melanoma/gna11/101/	328
GNA11 c.546_547delCCinsTT (R183C) Mutation in Melanoma	/content/disease/melanoma/gna11/335/	329
GNA11 c.547C>T (R183C) Mutation in Melanoma	/content/disease/melanoma/gna11/336/	330
GNA11 c.626A>T (Q209L) Mutation in Melanoma	/content/disease/melanoma/gna11/99/	331
GNAQ c.626A>T (Q209L) Mutation in Melanoma	/content/disease/melanoma/gnaq/100/	332
GNAQ c.626A>C (Q209P) Mutation in Melanoma	/content/disease/melanoma/gnaq/102/	333
GNAQ c.626A>G (Q209R) Mutation in Melanoma	/content/disease/melanoma/gnaq/103/	334
GNAQ c.548G>A (R183Q) Mutation in Melanoma	/content/disease/melanoma/gnaq/337/	335
KIT c.1669T>A (W557R) Mutation in Melanoma	/content/disease/melanoma/kit/109/	336
KIT c.1669T>C (W557R) Mutation in Melanoma	/content/disease/melanoma/kit/110/	337
KIT c.1676T>C (V559A) Mutation in Melanoma	/content/disease/melanoma/kit/112/	338
KIT c.1676T>A (V559D) Mutation in Melanoma	/content/disease/melanoma/kit/113/	339
Other KIT mutations in Melanoma	/content/disease/melanoma/kit/132/	340
KIT Amplification in Melanoma	/content/disease/melanoma/kit/338/	341
KIT c.2446G>C (D816H) Mutation in Melanoma	/content/disease/melanoma/kit/84/	342
KIT c.1924A>G (K642E) Mutation in Melanoma	/content/disease/melanoma/kit/95/	343
KIT c.1727T>C (L576P) Mutation in Melanoma	/content/disease/melanoma/kit/96/	344
MEK1 (MAP2K1) c.157T>C (F53L) Mutation in Melanoma	/content/disease/melanoma/map2k1/210/	345
MEK1 (MAP2K1) c.332T>G (I111S) Mutation in Melanoma	/content/disease/melanoma/map2k1/211/	346
MEK1 (MAP2K1) c.362G>C (C121S) Mutation in Melanoma	/content/disease/melanoma/map2k1/212/	347
MEK1 (MAP2K1) c.371C>T (P124L) Mutation in Melanoma	/content/disease/melanoma/map2k1/213/	348
MEK1 (MAP2K1) c.370C>T (P124S) Mutation in Melanoma	/content/disease/melanoma/map2k1/214/	349
MEK1 (MAP2K1) c.607G>A (E203K) Mutation in Melanoma	/content/disease/melanoma/map2k1/215/	350
MEK1 (MAP2K1) c.790C>T (P264S) Mutation in Melanoma	/content/disease/melanoma/map2k1/216/	351
MEK1 (MAP2K1) c.1144A>C (N382H) Mutation in Melanoma	/content/disease/melanoma/map2k1/217/	352
NF1 Mutations in Melanoma	/content/disease/melanoma/nf1/325/	353
NRAS c.37G>T (G13C) Mutation in Melanoma	/content/disease/melanoma/nras/297/	354
NRAS c.181C>A (Q61K) Mutation in Melanoma	/content/disease/melanoma/nras/75/	355
NRAS c.182A>T (Q61L) Mutation in Melanoma	/content/disease/melanoma/nras/76/	356
NRAS c.182A>G (Q61R) Mutation in Melanoma	/content/disease/melanoma/nras/77/	357
NRAS c.183A>C (Q61H) Mutation in Melanoma	/content/disease/melanoma/nras/80/	358
NRAS c.183A>T (Q61H) Mutation in Melanoma	/content/disease/melanoma/nras/81/	359
NRAS c.182_183delAAinsGG (Q61R) Mutation in Melanoma	/content/disease/melanoma/nras/82/	360
NRAS c.182_183delAAinsTG (Q61L) Mutation in Melanoma	/content/disease/melanoma/nras/83/	361
NRAS c.35G>C (G12A) Mutation in Melanoma	/content/disease/melanoma/nras/85/	362
NRAS c.34G>T (G12C) Mutation in Melanoma	/content/disease/melanoma/nras/86/	363
NRAS c.35G>A (G12D) Mutation in Melanoma	/content/disease/melanoma/nras/87/	364
NRAS c.34G>C (G12R) Mutation in Melanoma	/content/disease/melanoma/nras/88/	365
NRAS c.34G>A (G12S) Mutation in Melanoma	/content/disease/melanoma/nras/89/	366
NRAS c.35G>T (G12V) Mutation in Melanoma	/content/disease/melanoma/nras/90/	367
NRAS c.38G>C (G13A) Mutation in Melanoma	/content/disease/melanoma/nras/91/	368
NRAS c.38G>A (G13D) Mutation in Melanoma	/content/disease/melanoma/nras/92/	369
NRAS c.37G>C (G13R) Mutation in Melanoma	/content/disease/melanoma/nras/93/	370
NRAS c.38G>T (G13V) Mutation in Melanoma	/content/disease/melanoma/nras/94/	371
NRAS c.181C>G (Q61E) Mutation in Melanoma	/content/disease/melanoma/nras/97/	372
NRAS c.182A>C (Q61P) Mutation in Melanoma	/content/disease/melanoma/nras/98/	373
ASXL1 Mutations in Myelodysplastic Syndromes	/content/disease/myelodysplastic-syndromes/asxl1/320/	374
BCOR Mutations in Myelodysplastic Syndromes	/content/disease/myelodysplastic-syndromes/bcor/321/	375
DNMT3A Mutations in Myelodysplastic Syndromes	/content/disease/myelodysplastic-syndromes/dnmt3a/322/	376
ETV6 Mutations in Myelodysplastic Syndromes	/content/disease/myelodysplastic-syndromes/etv6/323/	377
EZH2 Mutations in Myelodysplastic Syndromes	/content/disease/myelodysplastic-syndromes/ezh2/324/	378
NF1 Mutations in Myelodysplastic Syndromes	/content/disease/myelodysplastic-syndromes/nf1/325/	379
RUNX1 Mutations in Myelodysplastic Syndromes	/content/disease/myelodysplastic-syndromes/runx1/326/	380
SF3B1 Mutations in Myelodysplastic Syndromes	/content/disease/myelodysplastic-syndromes/sf3b1/327/	381
SRSF2 Mutations in Myelodysplastic Syndromes	/content/disease/myelodysplastic-syndromes/srsf2/328/	382
STAG2 Mutations in Myelodysplastic Syndromes	/content/disease/myelodysplastic-syndromes/stag2/329/	383
TET2 Mutations in Myelodysplastic Syndromes	/content/disease/myelodysplastic-syndromes/tet2/330/	384
TP53 Mutations in Myelodysplastic Syndromes	/content/disease/myelodysplastic-syndromes/tp53/331/	385
U2AF1 Mutations in Myelodysplastic Syndromes	/content/disease/myelodysplastic-syndromes/u2af1/332/	386
ZRSR2 Mutations in Myelodysplastic Syndromes	/content/disease/myelodysplastic-syndromes/zrsr2/333/	387
CALR c.1154_1155insTTGTC (K385fs*47) Mutation in Myeloproliferative Neoplasms	/content/disease/myeloproliferative-neoplasms/calr/371/	388
CALR c.1099_1150del (L367fs*46) Mutation in Myeloproliferative Neoplasms	/content/disease/myeloproliferative-neoplasms/calr/387/	389
JAK2 c.1849G>T (V617F) Mutation in Myeloproliferative Neoplasms	/content/disease/myeloproliferative-neoplasms/jak2/358/	390
JAK2 c.1615_1616delAAinsTT (K539L) Mutation in Myeloproliferative Neoplasms	/content/disease/myeloproliferative-neoplasms/jak2/382/	391
JAK2 c.1624_1629delAATGAA (N542_E543del) Mutation in Myeloproliferative Neoplasms	/content/disease/myeloproliferative-neoplasms/jak2/383/	392
JAK2 c.1611_1616delTCACAA (F537_K539delinsL) Mutation in Myeloproliferative Neoplasms	/content/disease/myeloproliferative-neoplasms/jak2/386/	393
MPL c.1544G>T (W515L) Mutation in Myeloproliferative Neoplasms	/content/disease/myeloproliferative-neoplasms/mpl/378/	394
MPL c.1543_1544delTGinsAA (W515K) Mutation in Myeloproliferative Neoplasms	/content/disease/myeloproliferative-neoplasms/mpl/384/	395
ALK c.3271G>A (D1091N) Mutation in Neuroblastoma	/content/disease/neuroblastoma/alk/173/	396
ALK c.3452C>T (T1151M) Mutation in Neuroblastoma	/content/disease/neuroblastoma/alk/174/	397
ALK c.3512T>A (I1171N) Mutation in Neuroblastoma	/content/disease/neuroblastoma/alk/175/	398
ALK c.3521T>G (F1174C) Mutation in Neuroblastoma	/content/disease/neuroblastoma/alk/176/	399
ALK c.3520T>A (F1174I) Mutation in Neuroblastoma	/content/disease/neuroblastoma/alk/177/	400
ALK c.3522C>A (F1174L) Mutation in Neuroblastoma	/content/disease/neuroblastoma/alk/178/	401
ALK c.3520T>G (F1174V) Mutation in Neuroblastoma	/content/disease/neuroblastoma/alk/179/	402
ALK c.3734T>G (F1245C) Mutation in Neuroblastoma	/content/disease/neuroblastoma/alk/180/	403
ALK c.3735C>G (F1245L) Mutation in Neuroblastoma	/content/disease/neuroblastoma/alk/181/	404
ALK c.3733T>G (F1245V) Mutation in Neuroblastoma	/content/disease/neuroblastoma/alk/182/	405
ALK c.3824G>A (R1275Q) Mutation in Neuroblastoma	/content/disease/neuroblastoma/alk/183/	406
ALK c.3833A>C (Y1278S) Mutation in Neuroblastoma	/content/disease/neuroblastoma/alk/184/	407
BRAF c.1790T>G (L597R) Mutation in Ovarian Cancer	/content/disease/ovarian-cancer/braf/138/	408
BRAF c.1799T>A (V600E) Mutation in Ovarian Cancer	/content/disease/ovarian-cancer/braf/54/	409
KRAS c.35G>C (G12A) Mutation in Ovarian Cancer	/content/disease/ovarian-cancer/kras/32/	410
KRAS c.34G>T (G12C) Mutation in Ovarian Cancer	/content/disease/ovarian-cancer/kras/33/	411
KRAS c.35G>A (G12D) Mutation in Ovarian Cancer	/content/disease/ovarian-cancer/kras/34/	412
KRAS c.34G>C (G12R) Mutation in Ovarian Cancer	/content/disease/ovarian-cancer/kras/35/	413
KRAS c.35G>T (G12V) Mutation in Ovarian Cancer	/content/disease/ovarian-cancer/kras/37/	414
KRAS c.38G>A (G13D) Mutation in Ovarian Cancer	/content/disease/ovarian-cancer/kras/39/	415
PIK3CA c.3140A>T (H1047L) Mutation in Ovarian Cancer	/content/disease/ovarian-cancer/pik3ca/10/	416
PIK3CA c.3140A>G (H1047R) Mutation in Ovarian Cancer	/content/disease/ovarian-cancer/pik3ca/11/	417
PIK3CA c.1636C>A (Q546K) Mutation in Ovarian Cancer	/content/disease/ovarian-cancer/pik3ca/16/	418
PIK3CA c.1624G>A (E542K) Mutation in Ovarian Cancer	/content/disease/ovarian-cancer/pik3ca/7/	419
PIK3CA c.1633G>A (E545K) Mutation in Ovarian Cancer	/content/disease/ovarian-cancer/pik3ca/8/	420
PTEN c.388C>T (R130*) Mutation in Ovarian Cancer	/content/disease/ovarian-cancer/pten/137/	421
PTEN c.968dupA (N323fs*2) Mutation in Ovarian Cancer	/content/disease/ovarian-cancer/pten/140/	422
PTEN c.968delA (N323fs*21) Mutation in Ovarian Cancer	/content/disease/ovarian-cancer/pten/141/	423
PTEN c.741dupA (P248fs*5) Mutation in Ovarian Cancer	/content/disease/ovarian-cancer/pten/142/	424
PTEN c.389delG (R130fs*4) Mutation in Ovarian Cancer	/content/disease/ovarian-cancer/pten/143/	425
PTEN c.389G>A (R130Q) Mutation in Ovarian Cancer	/content/disease/ovarian-cancer/pten/144/	426
PTEN c.388C>G (R130G) Mutation in Ovarian Cancer	/content/disease/ovarian-cancer/pten/145/	427
AR c.2631C>A (F877L) Mutation in Prostate Cancer	/content/disease/prostate-cancer/ar/349/	428
AR c.2632A>G (T878A) Mutation in Prostate Cancer	/content/disease/prostate-cancer/ar/350/	429
AR c.2105T>A (L702H) Mutation in Prostate Cancer	/content/disease/prostate-cancer/ar/351/	430
AR c.2623C>T (H875Y) Mutation in Prostate Cancer	/content/disease/prostate-cancer/ar/352/	431
AR c.2226G>T (W742C) Mutation in Prostate Cancer	/content/disease/prostate-cancer/ar/353/	432
AR Amplification in Prostate Cancer	/content/disease/prostate-cancer/ar/354/	433
AR Splice Variant 7 (AR-V7) Expression in Prostate Cancer	/content/disease/prostate-cancer/ar/355/	434
ALK Exon Deletion in Rhabdomyosarcoma	/content/disease/rhabdomyosarcoma/alk/186/	435
ALK c.3673G>A (D1225N) Mutation in Rhabdomyosarcoma	/content/disease/rhabdomyosarcoma/alk/187/	436
KIT c. 1669T>C (W557R) Mutation in Thymic Carcinoma	/content/disease/thymic-carcinoma/kit/110/	437
KIT c. 1676T>C (V559A) Mutation in Thymic Carcinoma	/content/disease/thymic-carcinoma/kit/112/	438
KIT c.2460T>A (D820E) Mutation in Thymic Carcinoma	/content/disease/thymic-carcinoma/kit/120/	439
KIT c.2089C>T (H697Y) Mutation in Thymic Carcinoma	/content/disease/thymic-carcinoma/kit/121/	440
KIT c.1730_1738del (P577_D579del) Mutation in Thymic Carcinoma	/content/disease/thymic-carcinoma/kit/122/	441
KIT c.1679_1681del (V560del) Mutation in Thymic Carcinoma	/content/disease/thymic-carcinoma/kit/123/	442
KIT c.1657T>A (Y553N) Mutation in Thymic Carcinoma	/content/disease/thymic-carcinoma/kit/124/	443
KIT c.1468G>A (E490K) Mutation in Thymic Carcinoma	/content/disease/thymic-carcinoma/kit/218/	444
KIT c.1727T>C (L576P) Mutation in Thymic Carcinoma	/content/disease/thymic-carcinoma/kit/96/	445
AKAP-BRAF Translocation in Thyroid Cancer	/content/disease/thyroid-cancer/braf/125/	446
BRAF c.1799T>A (V600E) Mutation in Thyroid Cancer	/content/disease/thyroid-cancer/braf/54/	447
HRAS c.34G>C (G12R) Mutation in Thyroid Cancer	/content/disease/thyroid-cancer/hras/303/	448
HRAS c.35G>T (G12V) Mutation in Thyroid Cancer	/content/disease/thyroid-cancer/hras/304/	449
HRAS c.37G>T (G13C) Mutation in Thyroid Cancer	/content/disease/thyroid-cancer/hras/305/	450
HRAS c.37G>C (G13R) Mutation in Thyroid Cancer	/content/disease/thyroid-cancer/hras/306/	451
HRAS c.182A>G (Q61R) Mutation in Thyroid Cancer	/content/disease/thyroid-cancer/hras/307/	452
KRAS c.437C>T (A146V) Mutation in Thyroid Cancer	/content/disease/thyroid-cancer/kras/29/	453
KRAS c.182A>C (Q61P) Mutation in Thyroid Cancer	/content/disease/thyroid-cancer/kras/308/	454
KRAS c.35G>C (G12A) Mutation in Thyroid Cancer	/content/disease/thyroid-cancer/kras/32/	455
KRAS c.34G>T (G12C) Mutation in Thyroid Cancer	/content/disease/thyroid-cancer/kras/33/	456
KRAS c.35G>A (G12D) Mutation in Thyroid Cancer	/content/disease/thyroid-cancer/kras/34/	457
KRAS c.34G>C (G12R) Mutation in Thyroid Cancer	/content/disease/thyroid-cancer/kras/35/	458
KRAS c.34G>A (G12S) Mutation in Thyroid Cancer	/content/disease/thyroid-cancer/kras/36/	459
KRAS c.35G>T (G12V) Mutation in Thyroid Cancer	/content/disease/thyroid-cancer/kras/37/	460
KRAS c.38G>A (G13D) Mutation in Thyroid Cancer	/content/disease/thyroid-cancer/kras/39/	461
KRAS c.37G>C (G13R) Mutation in Thyroid Cancer	/content/disease/thyroid-cancer/kras/40/	462
KRAS c.181C>A (Q61K) Mutation in Thyroid Cancer	/content/disease/thyroid-cancer/kras/41/	463
KRAS c.182A>T (Q61L) Mutation in Thyroid Cancer	/content/disease/thyroid-cancer/kras/42/	464
KRAS c.182A>G (Q61R) Mutation in Thyroid Cancer	/content/disease/thyroid-cancer/kras/43/	465
KRAS c.37G>A (G13S) Mutation in Thyroid Cancer	/content/disease/thyroid-cancer/kras/69/	466
NRAS c.181C>A (Q61K) Mutation in Thyroid Cancer	/content/disease/thyroid-cancer/nras/75/	467
NRAS c.182A>G (Q61R) Mutation in Thyroid Cancer	/content/disease/thyroid-cancer/nras/77/	468
RET C634 Mutations in Thyroid Cancer	/content/disease/thyroid-cancer/ret/126/	469
RET Fusions in Thyroid Cancer	/content/disease/thyroid-cancer/ret/127/	470
RET M918T Mutations in Thyroid Cancer	/content/disease/thyroid-cancer/ret/128/	471
MYD88 c.794T>C (L265P)  Mutation in Waldenstrom Macroglobulinemia	/content/disease/waldenstrom-macroglobulinemia/myd88/369/	472
